Subreddit,words,tfidf,topic
Anxiety,19,0.033629725,4
Anxiety,able,0.034910051,0
Anxiety,advice,0.024723775,2
Anxiety,ago,0.04386077,3
Anxiety,ask,0.049828844,1
Anxiety,asleep,0.028170106,3
Anxiety,attack,0.059384221,5
Anxiety,away,0.044346395,3
Anxiety,bed,0.038787341,3
Anxiety,believe,0.025990627,1
Anxiety,bit,0.034040527,3
Anxiety,blood,0.025701462,5
Anxiety,body,0.038791946,5
Anxiety,break,0.030771329,0
Anxiety,breath,0.033256934,5
Anxiety,breathing,0.025810745,5
Anxiety,care,0.041023645,1
Anxiety,case,0.038316124,4
Anxiety,cause,0.02871008,5
Anxiety,change,0.026449132,2
Anxiety,check,0.020127831,4
Anxiety,chest,0.062368435,5
Anxiety,class,0.03321271,0
Anxiety,close,0.033885281,4
Anxiety,college,0.032033104,0
Anxiety,come,0.055739841,0
Anxiety,conversation,0.025396143,1
Anxiety,coronavirus,0.029247457,4
Anxiety,country,0.023355344,4
Anxiety,couple,0.021501106,3
Anxiety,covid,0.040945408,4
Anxiety,cry,0.028566737,3
Anxiety,dad,0.024970871,4
Anxiety,deal,0.028892246,2
Anxiety,decide,0.022735281,0
Anxiety,diagnose,0.020749767,5
Anxiety,die,0.033255386,4
Anxiety,different,0.024107495,2
Anxiety,doctor,0.075168802,5
Anxiety,eat,0.022865992,3
Anxiety,effect,0.024494764,5
Anxiety,end,0.051788047,0
Anxiety,etc,0.028334721,2
Anxiety,experience,0.047047061,5
Anxiety,fall,0.038045272,3
Anxiety,family,0.064742984,4
Anxiety,far,0.02361407,0
Anxiety,fear,0.040938358,2
Anxiety,feeling,0.030314237,3
Anxiety,finally,0.021185894,0
Anxiety,find,0.065634774,2
Anxiety,friend,0.086269497,1
Anxiety,girl,0.028541431,1
Anxiety,good,0.074583594,1
Anxiety,grocery,0.025345044,4
Anxiety,happen,0.050253205,3
Anxiety,hard,0.037626639,2
Anxiety,head,0.02529094,5
Anxiety,headache,0.022609211,5
Anxiety,health,0.032127537,4
Anxiety,heart,0.058039984,5
Anxiety,high,0.023871201,4
Anxiety,home,0.073488557,4
Anxiety,hope,0.031753841,2
Anxiety,hospital,0.024227105,4
Anxiety,hour,0.056302328,3
Anxiety,house,0.037052415,4
Anxiety,issue,0.032957375,2
Anxiety,job,0.105193507,0
Anxiety,kind,0.027301634,1
Anxiety,later,0.031691135,3
Anxiety,learn,0.024496444,0
Anxiety,leave,0.042517722,0
Anxiety,let,0.033905743,0
Anxiety,life,0.06576079,1
Anxiety,little,0.042136712,3
Anxiety,live,0.076422385,4
Anxiety,long,0.049971543,2
Anxiety,look,0.045065745,1
Anxiety,lose,0.026738279,2
Anxiety,lot,0.054357584,2
Anxiety,love,0.049591158,1
Anxiety,maybe,0.027550252,3
Anxiety,mean,0.031223086,1
Anxiety,medication,0.035385191,5
Anxiety,mental,0.029489521,0
Anxiety,mg,0.039144816,5
Anxiety,mind,0.037595117,2
Anxiety,minute,0.026314054,3
Anxiety,mom,0.030681358,4
Anxiety,money,0.03288894,0
Anxiety,month,0.042462226,5
Anxiety,morning,0.022458343,3
Anxiety,mother,0.022750678,4
Anxiety,need,0.070331762,0
Anxiety,new,0.039464234,0
Anxiety,news,0.025194038,4
Anxiety,night,0.06724237,3
Anxiety,normal,0.02203723,5
Anxiety,old,0.0331515,2
Anxiety,online,0.02000054,0
Anxiety,pain,0.057939495,5
Anxiety,pandemic,0.020002337,4
Anxiety,panic,0.050499061,5
Anxiety,parent,0.041179265,4
Anxiety,past,0.032434314,5
Anxiety,pay,0.043144052,0
Anxiety,person,0.051508833,1
Anxiety,physical,0.026505425,5
Anxiety,place,0.029999563,0
Anxiety,plan,0.023849018,0
Anxiety,play,0.024925519,1
Anxiety,point,0.03793074,1
Anxiety,post,0.039422865,2
Anxiety,prescribe,0.035322959,5
Anxiety,problem,0.034050479,2
Anxiety,psychiatrist,0.027369721,5
Anxiety,quarantine,0.020721911,4
Anxiety,read,0.030472773,2
Anxiety,reason,0.024908671,1
Anxiety,relationship,0.053963673,1
Anxiety,right,0.037829204,4
Anxiety,risk,0.031071168,4
Anxiety,room,0.020507829,3
Anxiety,run,0.026461985,2
Anxiety,school,0.050596063,0
Anxiety,self,0.026319907,1
Anxiety,sick,0.02431721,4
Anxiety,sit,0.03411222,3
Anxiety,situation,0.030250801,1
Anxiety,sleep,0.046194698,3
Anxiety,small,0.022859511,0
Anxiety,social,0.036999606,1
Anxiety,sorry,0.026688575,1
Anxiety,spend,0.026558715,1
Anxiety,state,0.024607861,4
Anxiety,stay,0.046898328,4
Anxiety,stop,0.023949614,3
Anxiety,store,0.027090267,4
Anxiety,stress,0.018959074,0
Anxiety,student,0.025161435,0
Anxiety,sure,0.026296768,3
Anxiety,symptom,0.069450732,5
Anxiety,talk,0.077004857,1
Anxiety,tell,0.071476578,1
Anxiety,thank,0.028448088,2
Anxiety,therapist,0.025430539,2
Anxiety,therapy,0.027844671,2
Anxiety,thought,0.045008865,2
Anxiety,today,0.021368165,3
Anxiety,turn,0.023246255,2
Anxiety,understand,0.034595448,1
Anxiety,use,0.045218177,2
Anxiety,virus,0.057233405,4
Anxiety,wait,0.020846206,0
Anxiety,wake,0.043144727,3
Anxiety,walk,0.024382118,3
Anxiety,way,0.053201995,1
Anxiety,week,0.042481678,4
Anxiety,world,0.024748757,4
Anxiety,worried,0.020573168,4
Anxiety,worry,0.026900784,2
Anxiety,write,0.029176315,2
Anxiety,wrong,0.028375908,1
Depression,way,0.064833276,0
Depression,need,0.057375966,0
Depression,mental,0.054828575,0
Depression,self,0.048971267,0
Depression,read,0.047926615,0
Depression,anxiety,0.047012404,0
Depression,health,0.042212166,0
Depression,issue,0.041931787,0
Depression,hard,0.040648555,0
Depression,kind,0.037160196,0
Depression,change,0.036651462,0
Depression,struggle,0.035232287,0
Depression,thank,0.035126287,0
Depression,experience,0.034583031,0
Depression,sure,0.032473841,0
Depression,believe,0.03228024,0
Depression,situation,0.030303882,0
Depression,mean,0.029734181,0
Depression,actually,0.028633317,0
Depression,different,0.027998008,0
Depression,therapist,0.027722932,0
Depression,therapy,0.026824603,0
Depression,learn,0.026135874,0
Depression,medication,0.026067376,0
Depression,etc,0.024787484,0
Depression,depressed,0.024244609,0
Depression,diagnose,0.024069129,0
Depression,hear,0.023056119,0
Depression,question,0.022952949,0
Depression,doctor,0.022176198,0
Depression,word,0.021611196,0
Depression,advice,0.021561185,0
Depression,continue,0.021348759,0
Depression,sense,0.020545014,0
Depression,suffer,0.020384901,0
Depression,sort,0.020162369,0
Depression,lack,0.019543728,0
Depression,begin,0.018952061,0
Depression,disorder,0.018858115,0
Depression,share,0.018742436,0
Depression,explain,0.018052144,0
Depression,speak,0.01802296,0
Depression,difficult,0.017836679,0
Depression,better,0.017779555,0
Depression,psychiatrist,0.017551149,0
Depression,fear,0.017491087,0
Depression,short,0.017157085,0
Depression,consider,0.016732626,0
Depression,low,0.016528159,0
Depression,control,0.01601169,0
Depression,brain,0.015851351,0
Depression,suicidal,0.01579088,0
Depression,result,0.015724282,0
Depression,deep,0.015494404,0
Depression,sound,0.015435948,0
Depression,form,0.015405135,0
Depression,appreciate,0.015067171,0
Depression,despite,0.014882746,0
Depression,severe,0.014350302,0
Depression,possible,0.01396036,0
Depression,come,0.071516365,1
Depression,find,0.070056434,1
Depression,love,0.067231181,1
Depression,relationship,0.066517813,1
Depression,lot,0.063358141,1
Depression,person,0.063214124,1
Depression,long,0.054855017,1
Depression,look,0.054768122,1
Depression,point,0.047122832,1
Depression,ask,0.046494177,1
Depression,problem,0.046147548,1
Depression,girl,0.045650441,1
Depression,lose,0.04315292,1
Depression,let,0.042284474,1
Depression,little,0.041923247,1
Depression,post,0.041437498,1
Depression,break,0.041370857,1
Depression,meet,0.04079996,1
Depression,reason,0.039153407,1
Depression,ago,0.038651845,1
Depression,maybe,0.037356574,1
Depression,understand,0.037305956,1
Depression,sorry,0.035698347,1
Depression,close,0.034669713,1
Depression,later,0.034086755,1
Depression,guy,0.033990629,1
Depression,date,0.032749025,1
Depression,grow,0.032125225,1
Depression,past,0.031799879,1
Depression,wrong,0.031691282,1
Depression,write,0.031331134,1
Depression,bit,0.031113247,1
Depression,great,0.029762555,1
Depression,pretty,0.028912297,1
Depression,story,0.027772035,1
Depression,guess,0.026345769,1
Depression,stuff,0.025928007,1
Depression,fact,0.025621548,1
Depression,idea,0.023491229,1
Depression,completely,0.022646879,1
Depression,decide,0.022485504,1
Depression,recently,0.022209482,1
Depression,far,0.022194262,1
Depression,couple,0.020849041,1
Depression,group,0.020788452,1
Depression,realize,0.020428186,1
Depression,nice,0.020076599,1
Depression,fight,0.019995621,1
Depression,eventually,0.019826909,1
Depression,girlfriend,0.019473628,1
Depression,trust,0.019078963,1
Depression,miss,0.01883347,1
Depression,hang,0.018801622,1
Depression,fun,0.018345378,1
Depression,ex,0.017599851,1
Depression,single,0.017414337,1
Depression,conversation,0.017369985,1
Depression,accept,0.01673959,1
Depression,blame,0.016338158,1
Depression,woman,0.016180987,1
Depression,job,0.095008971,2
Depression,live,0.069220303,2
Depression,family,0.068773798,2
Depression,home,0.068444463,2
Depression,parent,0.061909423,2
Depression,old,0.059470802,2
Depression,leave,0.057621719,2
Depression,month,0.054693974,2
Depression,mom,0.051157713,2
Depression,money,0.050037287,2
Depression,pay,0.049173374,2
Depression,house,0.04897415,2
Depression,dad,0.04796964,2
Depression,mother,0.041340438,2
Depression,father,0.037823462,2
Depression,kid,0.036478708,2
Depression,place,0.036051233,2
Depression,able,0.030841404,2
Depression,turn,0.029626266,2
Depression,brother,0.028731583,2
Depression,car,0.028723583,2
Depression,sister,0.028496907,2
Depression,age,0.026422237,2
Depression,child,0.026050151,2
Depression,young,0.025572361,2
Depression,plan,0.02523367,2
Depression,support,0.023083537,2
Depression,finally,0.021908554,2
Depression,country,0.021747169,2
Depression,buy,0.021484535,2
Depression,state,0.02074636,2
Depression,pass,0.020694232,2
Depression,rent,0.020666981,2
Depression,afford,0.019787748,2
Depression,bill,0.018290884,2
Depression,city,0.017404935,2
Depression,childhood,0.016786351,2
Depression,visit,0.016488227,2
Depression,apartment,0.016312654,2
Depression,entire,0.016229872,2
Depression,abuse,0.016140083,2
Depression,19,0.015824235,2
Depression,abusive,0.015503047,2
Depression,soon,0.015457145,2
Depression,quit,0.015063686,2
Depression,save,0.014972975,2
Depression,current,0.014640977,2
Depression,hospital,0.014081784,2
Depression,attempt,0.013983107,2
Depression,forward,0.013688365,2
Depression,virus,0.013209266,2
Depression,18,0.01299783,2
Depression,raise,0.012981426,2
Depression,town,0.012780896,2
Depression,son,0.012767895,2
Depression,afraid,0.012581939,2
Depression,debt,0.012322906,2
Depression,kick,0.012217461,2
Depression,divorce,0.012084618,2
Depression,marry,0.012068943,2
Depression,school,0.107760569,3
Depression,college,0.061148622,3
Depression,high,0.060896631,3
Depression,class,0.058714381,3
Depression,grade,0.045200285,3
Depression,new,0.035227377,3
Depression,study,0.034296157,3
Depression,student,0.032593616,3
Depression,graduate,0.031669921,3
Depression,social,0.030767937,3
Depression,drop,0.027949968,3
Depression,university,0.026663383,3
Depression,online,0.026479002,3
Depression,fail,0.026423565,3
Depression,semester,0.024856878,3
Depression,stress,0.024408517,3
Depression,finish,0.024121269,3
Depression,future,0.02231916,3
Depression,teacher,0.022127801,3
Depression,degree,0.021537677,3
Depression,course,0.019800156,3
Depression,20,0.017847606,3
Depression,basically,0.017528475,3
Depression,career,0.016970912,3
Depression,mention,0.016953248,3
Depression,summer,0.016727151,3
Depression,test,0.016469797,3
Depression,barely,0.016192478,3
Depression,waste,0.015645121,3
Depression,apply,0.015543255,3
Depression,failure,0.014938866,3
Depression,middle,0.0149348,3
Depression,literally,0.014848698,3
Depression,skill,0.014782053,3
Depression,focus,0.014615415,3
Depression,major,0.014509645,3
Depression,smart,0.014462357,3
Depression,suppose,0.014079581,3
Depression,level,0.013035,3
Depression,math,0.012753167,3
Depression,follow,0.01238229,3
Depression,develop,0.012379833,3
Depression,especially,0.01231502,3
Depression,senior,0.012262513,3
Depression,lead,0.012076578,3
Depression,complete,0.011919302,3
Depression,opportunity,0.011655225,3
Depression,multiple,0.011655136,3
Depression,exam,0.011561264,3
Depression,field,0.011218818,3
Depression,program,0.011108697,3
Depression,absolutely,0.011022564,3
Depression,order,0.011022367,3
Depression,lazy,0.01083614,3
Depression,education,0.010637653,3
Depression,teach,0.010597814,3
Depression,computer,0.010218776,3
Depression,avoid,0.009635884,3
Depression,uni,0.009548255,3
Depression,attend,0.009537593,3
Depression,week,0.049414032,4
Depression,sleep,0.048470722,4
Depression,bed,0.046705455,4
Depression,hour,0.046387271,4
Depression,play,0.041403133,4
Depression,eat,0.04094996,4
Depression,night,0.040604596,4
Depression,room,0.040003829,4
Depression,sit,0.037690177,4
Depression,spend,0.036652505,4
Depression,watch,0.036241108,4
Depression,walk,0.035563025,4
Depression,game,0.035042224,4
Depression,wake,0.033461241,4
Depression,fall,0.032674978,4
Depression,stay,0.030849698,4
Depression,face,0.026588484,4
Depression,big,0.026555048,4
Depression,video,0.025372089,4
Depression,food,0.024942703,4
Depression,morning,0.024345983,4
Depression,drive,0.02317615,4
Depression,weight,0.022221325,4
Depression,phone,0.021855526,4
Depression,enjoy,0.021754608,4
Depression,hand,0.021319763,4
Depression,half,0.020925288,4
Depression,small,0.020846632,4
Depression,hit,0.020804767,4
Depression,eye,0.020099019,4
Depression,outside,0.019446998,4
Depression,run,0.019332705,4
Depression,minute,0.019180101,4
Depression,early,0.018749588,4
Depression,lie,0.018502988,4
Depression,10,0.017478542,4
Depression,clean,0.017477251,4
Depression,late,0.017410888,4
Depression,force,0.017086065,4
Depression,drink,0.016797245,4
Depression,second,0.016796194,4
Depression,stand,0.016516996,4
Depression,shower,0.015767703,4
Depression,door,0.015746448,4
Depression,lay,0.015744902,4
Depression,today,0.015581023,4
Depression,wait,0.015014444,4
Depression,throw,0.01487261,4
Depression,tear,0.014751237,4
Depression,motivation,0.014668232,4
Depression,pick,0.01447592,4
Depression,smoke,0.014408699,4
Depression,music,0.01438109,4
Depression,water,0.012908852,4
Depression,light,0.01283011,4
Depression,30,0.012801079,4
Depression,usually,0.012637392,4
Depression,step,0.01243929,4
Depression,fast,0.012411438,4
Depression,wear,0.012410122,4
Depression,care,0.059648429,5
Depression,end,0.056553258,5
Depression,away,0.050639363,5
Depression,happy,0.046657757,5
Depression,use,0.046391228,5
Depression,anymore,0.044569727,5
Depression,shit,0.042647692,5
Depression,feeling,0.04229399,5
Depression,die,0.042170923,5
Depression,happen,0.040448888,5
Depression,stop,0.040012525,5
Depression,right,0.039370127,5
Depression,cry,0.038730705,5
Depression,mind,0.038501191,5
Depression,hate,0.037923278,5
Depression,world,0.037432705,5
Depression,pain,0.037413484,5
Depression,head,0.036343393,5
Depression,thought,0.033818414,5
Depression,fuck,0.031019387,5
Depression,probably,0.029392574,5
Depression,hope,0.029325137,5
Depression,bring,0.029267174,5
Depression,hurt,0.028947415,5
Depression,wish,0.027146149,5
Depression,remember,0.026841882,5
Depression,fucking,0.026760677,5
Depression,matter,0.02562544,5
Depression,real,0.025416487,5
Depression,moment,0.023873677,5
Depression,emotion,0.023359676,5
Depression,cause,0.023284991,5
Depression,kill,0.023144577,5
Depression,constantly,0.022570299,5
Depression,stupid,0.022192586,5
Depression,inside,0.022009743,5
Depression,heart,0.021995768,5
Depression,hold,0.021912638,5
Depression,suicide,0.021664498,5
Depression,act,0.02129818,5
Depression,sad,0.021174087,5
Depression,man,0.020329159,5
Depression,honestly,0.020157916,5
Depression,death,0.019828875,5
Depression,body,0.018991476,5
Depression,truly,0.018968604,5
Depression,laugh,0.0188864,5
Depression,hell,0.01882942,5
Depression,deserve,0.018654511,5
Depression,normal,0.018215837,5
Depression,TRUE,0.018204604,5
Depression,happiness,0.018084835,5
Depression,bear,0.01797662,5
Depression,dream,0.017938665,5
Depression,fine,0.017718268,5
Depression,push,0.017635091,5
Depression,deal,0.017037967,5
Depression,human,0.016218906,5
Depression,type,0.016142051,5
Depression,hide,0.016092649,5
Covid,able,0.041405625,5
Covid,absolutely,0.030697657,3
Covid,ache,0.034200874,2
Covid,age,0.032005692,3
Covid,ago,0.061212248,3
Covid,amp,0.041821433,4
Covid,article,0.019499072,4
Covid,ask,0.036775107,0
Covid,away,0.070050373,0
Covid,believe,0.035065795,3
Covid,breath,0.048000369,2
Covid,breathing,0.032903025,2
Covid,bring,0.030082881,1
Covid,care,0.037964253,0
Covid,case,0.061048475,2
Covid,cause,0.036179985,0
Covid,check,0.0206884,4
Covid,chest,0.066536351,2
Covid,city,0.035410644,0
Covid,clean,0.058526584,1
Covid,close,0.044971974,0
Covid,cold,0.05345849,2
Covid,comment,0.022474197,4
Covid,completely,0.030817474,5
Covid,condition,0.033187167,3
Covid,continue,0.036421262,0
Covid,control,0.035973448,3
Covid,coronavirus,0.043674116,4
Covid,cough,0.10203956,2
Covid,course,0.031263806,5
Covid,create,0.027066121,4
Covid,dad,0.034434033,2
Covid,death,0.042658284,3
Covid,decide,0.034139685,0
Covid,die,0.088688069,3
Covid,disease,0.029962074,3
Covid,distancing,0.04056637,5
Covid,doctor,0.03937204,2
Covid,door,0.045927123,1
Covid,easy,0.020301949,4
Covid,end,0.035975871,3
Covid,etc,0.043473236,1
Covid,face,0.067444162,1
Covid,family,0.067512012,0
Covid,fear,0.058969187,3
Covid,feeling,0.036332921,5
Covid,fever,0.107843486,2
Covid,find,0.044123732,4
Covid,fine,0.045577388,0
Covid,flu,0.057720824,2
Covid,follow,0.039334091,5
Covid,food,0.039098048,1
Covid,free,0.021265322,4
Covid,friend,0.058004071,5
Covid,glove,0.031007924,1
Covid,google,0.019678529,4
Covid,grocery,0.049035946,1
Covid,guideline,0.024620687,4
Covid,hand,0.170285861,1
Covid,happen,0.033879119,3
Covid,hard,0.035404957,0
Covid,headache,0.040638726,2
Covid,health,0.051203046,5
Covid,healthy,0.051416755,3
Covid,heart,0.032195933,3
Covid,hit,0.034213623,3
Covid,hope,0.03221962,5
Covid,hospital,0.035287893,2
Covid,hour,0.036203615,2
Covid,house,0.049323141,1
Covid,information,0.050425711,4
Covid,issue,0.039868575,3
Covid,job,0.045400962,0
Covid,leave,0.06438377,0
Covid,life,0.06746761,3
Covid,likely,0.031237958,3
Covid,link,0.037046727,4
Covid,list,0.02153288,4
Covid,long,0.064688104,0
Covid,look,0.049230239,5
Covid,lose,0.048199659,3
Covid,lot,0.04095552,5
Covid,love,0.039768837,5
Covid,mask,0.035860236,1
Covid,mean,0.040059047,0
Covid,mental,0.038015217,5
Covid,middle,0.031285767,3
Covid,mild,0.049633845,2
Covid,mom,0.04178395,0
Covid,month,0.041811366,5
Covid,mother,0.036754581,3
Covid,news,0.044504581,5
Covid,night,0.044223888,2
Covid,normal,0.032771953,2
Covid,old,0.075302493,3
Covid,org,0.04477485,4
Covid,outside,0.028081663,1
Covid,pain,0.036174695,2
Covid,pandemic,0.046740601,5
Covid,paper,0.027535054,1
Covid,parent,0.062423562,0
Covid,place,0.04376182,0
Covid,plan,0.04442481,0
Covid,point,0.039354362,3
Covid,positive,0.035875762,2
Covid,post,0.023327405,4
Covid,pressure,0.034092575,2
Covid,problem,0.040085223,0
Covid,provide,0.021106048,4
Covid,public,0.026841026,1
Covid,read,0.037218078,5
Covid,reddit,0.03337761,4
Covid,remember,0.021013537,4
Covid,research,0.025713431,4
Covid,resource,0.033968127,4
Covid,risk,0.054653968,0
Covid,room,0.037576063,1
Covid,run,0.036594984,1
Covid,sanitize,0.030311526,1
Covid,sanitizer,0.042622392,1
Covid,school,0.034460506,0
Covid,self,0.047036414,5
Covid,severe,0.030151706,3
Covid,share,0.041117364,4
Covid,shop,0.02818256,1
Covid,shut,0.034541475,0
Covid,sick,0.0532054,2
Covid,situation,0.062030649,0
Covid,social,0.074588494,5
Covid,sore,0.032982556,2
Covid,store,0.039933503,1
Covid,support,0.029009139,4
Covid,surface,0.035258384,1
Covid,symptom,0.088120392,2
Covid,tell,0.06472075,0
Covid,term,0.033886214,5
Covid,test,0.099788221,2
Covid,thought,0.031315557,3
Covid,throat,0.079775788,2
Covid,touch,0.079806706,1
Covid,understand,0.033649882,0
Covid,use,0.042620889,1
Covid,wash,0.134404007,1
Covid,washing,0.029861123,1
Covid,watch,0.035185233,5
Covid,water,0.030563404,1
Covid,way,0.068733828,5
Covid,wear,0.038639585,1
Covid,wipe,0.067025628,1
Covid,world,0.043086582,5
Covid,worried,0.040706581,3
Covid,worry,0.034595945,0
Covid,year,0.13261224,3
Covid,young,0.038490283,3
Covid,youtube,0.02223039,4
