words,tfidf,topic 0,topic 1,topic 2,topic 3,topic 4,topic 5
able,,,,,,,0.041405625
absolutely,,,,,0.030697657,,
ache,,,,0.034200874,,,
age,,,,,0.032005692,,
ago,,,,,0.061212248,,
amp,,,,,,0.041821433,
article,,,,,,0.019499072,
ask,,0.036775107,,,,,
away,,0.070050373,,,,,
believe,,,,,0.035065795,,
breath,,,,0.048000369,,,
breathing,,,,0.032903025,,,
bring,,,0.030082881,,,,
care,,0.037964253,,,,,
case,,,,0.061048475,,,
cause,,0.036179985,,,,,
check,,,,,,0.0206884,
chest,,,,0.066536351,,,
city,,0.035410644,,,,,
clean,,,0.058526584,,,,
close,,0.044971974,,,,,
cold,,,,0.05345849,,,
comment,,,,,,0.022474197,
completely,,,,,,,0.030817474
condition,,,,,0.033187167,,
continue,,0.036421262,,,,,
control,,,,,0.035973448,,
coronavirus,,,,,,0.043674116,
cough,,,,0.10203956,,,
course,,,,,,,0.031263806
create,,,,,,0.027066121,
dad,,,,0.034434033,,,
death,,,,,0.042658284,,
decide,,0.034139685,,,,,
die,,,,,0.088688069,,
disease,,,,,0.029962074,,
distancing,,,,,,,0.04056637
doctor,,,,0.03937204,,,
door,,,0.045927123,,,,
easy,,,,,,0.020301949,
end,,,,,0.035975871,,
etc,,,0.043473236,,,,
face,,,0.067444162,,,,
family,,0.067512012,,,,,
fear,,,,,0.058969187,,
feeling,,,,,,,0.036332921
fever,,,,0.107843486,,,
find,,,,,,0.044123732,
fine,,0.045577388,,,,,
flu,,,,0.057720824,,,
follow,,,,,,,0.039334091
food,,,0.039098048,,,,
free,,,,,,0.021265322,
friend,,,,,,,0.058004071
glove,,,0.031007924,,,,
google,,,,,,0.019678529,
grocery,,,0.049035946,,,,
guideline,,,,,,0.024620687,
hand,,,0.170285861,,,,
happen,,,,,0.033879119,,
hard,,0.035404957,,,,,
headache,,,,0.040638726,,,
health,,,,,,,0.051203046
healthy,,,,,0.051416755,,
heart,,,,,0.032195933,,
hit,,,,,0.034213623,,
hope,,,,,,,0.03221962
hospital,,,,0.035287893,,,
hour,,,,0.036203615,,,
house,,,0.049323141,,,,
information,,,,,,0.050425711,
issue,,,,,0.039868575,,
job,,0.045400962,,,,,
leave,,0.06438377,,,,,
life,,,,,0.06746761,,
likely,,,,,0.031237958,,
link,,,,,,0.037046727,
list,,,,,,0.02153288,
long,,0.064688104,,,,,
look,,,,,,,0.049230239
lose,,,,,0.048199659,,
lot,,,,,,,0.04095552
love,,,,,,,0.039768837
mask,,,0.035860236,,,,
mean,,0.040059047,,,,,
mental,,,,,,,0.038015217
middle,,,,,0.031285767,,
mild,,,,0.049633845,,,
mom,,0.04178395,,,,,
month,,,,,,,0.041811366
mother,,,,,0.036754581,,
news,,,,,,,0.044504581
night,,,,0.044223888,,,
normal,,,,0.032771953,,,
old,,,,,0.075302493,,
org,,,,,,0.04477485,
outside,,,0.028081663,,,,
pain,,,,0.036174695,,,
pandemic,,,,,,,0.046740601
paper,,,0.027535054,,,,
parent,,0.062423562,,,,,
place,,0.04376182,,,,,
plan,,0.04442481,,,,,
point,,,,,0.039354362,,
positive,,,,0.035875762,,,
post,,,,,,0.023327405,
pressure,,,,0.034092575,,,
problem,,0.040085223,,,,,
provide,,,,,,0.021106048,
public,,,0.026841026,,,,
read,,,,,,,0.037218078
reddit,,,,,,0.03337761,
remember,,,,,,0.021013537,
research,,,,,,0.025713431,
resource,,,,,,0.033968127,
risk,,0.054653968,,,,,
room,,,0.037576063,,,,
run,,,0.036594984,,,,
sanitize,,,0.030311526,,,,
sanitizer,,,0.042622392,,,,
school,,0.034460506,,,,,
self,,,,,,,0.047036414
severe,,,,,0.030151706,,
share,,,,,,0.041117364,
shop,,,0.02818256,,,,
shut,,0.034541475,,,,,
sick,,,,0.0532054,,,
situation,,0.062030649,,,,,
social,,,,,,,0.074588494
sore,,,,0.032982556,,,
store,,,0.039933503,,,,
support,,,,,,0.029009139,
surface,,,0.035258384,,,,
symptom,,,,0.088120392,,,
tell,,0.06472075,,,,,
term,,,,,,,0.033886214
test,,,,0.099788221,,,
thought,,,,,0.031315557,,
throat,,,,0.079775788,,,
touch,,,0.079806706,,,,
understand,,0.033649882,,,,,
use,,,0.042620889,,,,
wash,,,0.134404007,,,,
washing,,,0.029861123,,,,
watch,,,,,,,0.035185233
water,,,0.030563404,,,,
way,,,,,,,0.068733828
wear,,,0.038639585,,,,
wipe,,,0.067025628,,,,
world,,,,,,,0.043086582
worried,,,,,0.040706581,,
worry,,0.034595945,,,,,
year,,,,,0.13261224,,
young,,,,,0.038490283,,
youtube,,,,,,0.02223039,